"John Baldessari #1","1976; Los Angeles&sbquo; CA","Baldessari_John.flv","Baldessari_John.jpg"
"John Baldessari #2","1976; Los Angeles&sbquo; CA","baldessari_john_2.flv","Baldessari_John2.jpg","1"
"Manuel Alvarez Bravo","1981&sbquo; CA","manuel_alvarez_bravo.flv","Bravo_Manuel_Alvarez.jpg"
"Vija Celmins #1","1976&sbquo; CA","celmins_vija.flv","Celmins_Vija.jpg","1"
"Vija Celmins #2","1976&sbquo; CA","Celmins_Vija2.flv","Celmins_Vija2.jpg"
"Judy Chicago #1","1976&sbquo; CA","Chicago_Judy.flv","Chicago_Judy.jpg"
"Judy Chicago #2","1976&sbquo; CA","chicago_judy_2.flv","Chicago_Judy2.jpg","1"
"John Cage #1","1978&sbquo; NY","cage2.flv","cage2.jpg","1"
"John Cage #2","1979&sbquo; NY","Cage_John6.flv","Cage_John2.jpg"
"Willem de Kooning #1","1978&sbquo; NY","DeKooning_Willem.flv","DeKooning_Willem.jpg"
"Willem de Kooning #2","1978&sbquo; NY","dekooning2.flv","dekooning2.jpg"
"Richard Diebenkorn #1","1976&sbquo; CA","diebenkorn_richard.flv","diebenkorn_richard2.jpg","1"
"Richard Diebenkorn #2","1976&sbquo; CA","diebenkorn_richard2.flv","diebenkorn_richard.jpg"
"Michael Heizer","1980&sbquo; NY","heizer.flv","heizer.jpg"
"Lillian Hellman","1981&sbquo; NYC","hellman.flv","hellman.jpg"
"David Hockney","1983&sbquo; Paris","Hockney_David.flv","Hockney_David.jpg"
"Takao Iijim Ay-o","1979&sbquo; NY","ayo_takao.flv","Ayo_Takao.jpg"
"Jasper Johns #1","1979&sbquo; NY - Coming Soon","","COMING_SOON.jpg"
"Jasper Johns #2","1979&sbquo; NY","Johns_Jasper2.flv","Johns_Jasper2.jpg"
"Shigeko Kabota","1976&sbquo; NYC","Kabota_Shigeko.flv","Kabota_Shigeko.jpg"
"Ellsworth Kelly #1","1978&sbquo; NY","Kelly_Ellsworth.flv","Kelly_Ellsworth.jpg"
"Ellsworth Kelly #2","1978&sbquo; NY","ellsworth2.flv","ellsworth2.jpg"
"Ed Kienholz","1985&sbquo; Berlin - Coming Soon","","COMING_SOON.jpg"
"Roy Lichtenstein #1","1978&sbquo; NY","Lichtenstein_Roy.flv","Lichtenstein_Roy.jpg"
"Joan Mitchell","1980&sbquo; NY","mitchell.flv","mitchell.jpg"
"Ed Moses #1","1976&sbquo; CA","Moses_Ed1.flv","Moses_Ed1.jpg"
"Ed Moses #2","1976&sbquo; CA","moses_ed_2.flv","Moses_Ed2.jpg","1"
"Katherine Murphy #1","1980&sbquo; MA","murphy_katherine.flv","Murphy_Katherine.jpg"
"Pat O'Neill #1","1976&sbquo; CA","oneill_pat.flv","ONeill_Pat.jpg","1"
"Pat O'Neill #2","1976&sbquo; CA","oneill_pat2.flv","ONeill_Pat2.jpg"
"Nam June Paik","1978&sbquo; NY","paik.flv","paik.jpg"
"Charlemagne Palestine","1977&sbquo; NY","charlemagne.flv","charlemagne.jpg"
"Ed Ruscha","1976&sbquo; CA","ruscha_ed.flv","Ruscha_Ed.jpg","1"
"Robert Rauschenberg #1","1978&sbquo; NY","Rauschenberg_Robert.flv","Rauschenberg_Robert.jpg"
"Self Portrait","1977&sbquo; NY","jl_self.flv","jl_self.jpg","1"
"Studs Turkel","1979&sbquo; IL - Coming Soon","","COMING_SOON.jpg"
"Big Joe Turner","1981&sbquo; NYC","turner.flv","turner.jpg"
"Duane Valentine #1","1976&sbquo; CA","Valentine_DeWain.flv","Valentine_DeWain.jpg"
"Duane Valentine #2","1976&sbquo; CA","valentine_dewaine2.flv","Valentine_DeWain2.jpg","1"
"Emmett Williams","1978&sbquo; NY","williams_emmett.flv","Williams_Emmett.jpg"
